"participants","msi_score","register","condition","response","instrument"
1,76,"low","LRSE",3,"Violin"
1,76,"low","MRSE",2,"Violin"
1,76,"low","HRSE",2,"Violin"
1,76,"low","congr.",3,"Violin"
1,76,"mid","LRSE",5,"Violin"
1,76,"mid","MRSE",4,"Violin"
1,76,"mid","HRSE",2,"Violin"
1,76,"mid","congr.",4,"Violin"
1,76,"high","LRSE",5,"Violin"
1,76,"high","MRSE",2,"Violin"
1,76,"high","HRSE",2,"Violin"
1,76,"high","congr.",6,"Violin"
2,70,"low","LRSE",3,"Violin"
2,70,"low","MRSE",4,"Violin"
2,70,"low","HRSE",2,"Violin"
2,70,"low","congr.",4,"Violin"
2,70,"mid","LRSE",5,"Violin"
2,70,"mid","MRSE",5,"Violin"
2,70,"mid","HRSE",2,"Violin"
2,70,"mid","congr.",5,"Violin"
2,70,"high","LRSE",3,"Violin"
2,70,"high","MRSE",5,"Violin"
2,70,"high","HRSE",4,"Violin"
2,70,"high","congr.",5,"Violin"
3,82,"low","LRSE",2,"Violin"
3,82,"low","MRSE",3,"Violin"
3,82,"low","HRSE",3,"Violin"
3,82,"low","congr.",4,"Violin"
3,82,"mid","LRSE",3,"Violin"
3,82,"mid","MRSE",3,"Violin"
3,82,"mid","HRSE",2,"Violin"
3,82,"mid","congr.",3,"Violin"
3,82,"high","LRSE",1,"Violin"
3,82,"high","MRSE",4,"Violin"
3,82,"high","HRSE",2,"Violin"
3,82,"high","congr.",5,"Violin"
4,79,"low","LRSE",3,"Violin"
4,79,"low","MRSE",2,"Violin"
4,79,"low","HRSE",1,"Violin"
4,79,"low","congr.",1,"Violin"
4,79,"mid","LRSE",4,"Violin"
4,79,"mid","MRSE",4,"Violin"
4,79,"mid","HRSE",3,"Violin"
4,79,"mid","congr.",2,"Violin"
4,79,"high","LRSE",5,"Violin"
4,79,"high","MRSE",5,"Violin"
4,79,"high","HRSE",6,"Violin"
4,79,"high","congr.",6,"Violin"
5,74,"low","LRSE",1,"Violin"
5,74,"low","MRSE",1,"Violin"
5,74,"low","HRSE",2,"Violin"
5,74,"low","congr.",1,"Violin"
5,74,"mid","LRSE",4,"Violin"
5,74,"mid","MRSE",3,"Violin"
5,74,"mid","HRSE",1,"Violin"
5,74,"mid","congr.",2,"Violin"
5,74,"high","LRSE",5,"Violin"
5,74,"high","MRSE",6,"Violin"
5,74,"high","HRSE",6,"Violin"
5,74,"high","congr.",6,"Violin"
6,80,"low","LRSE",1,"Violin"
6,80,"low","MRSE",1,"Violin"
6,80,"low","HRSE",1,"Violin"
6,80,"low","congr.",1,"Violin"
6,80,"mid","LRSE",2.25,"Violin"
6,80,"mid","MRSE",2.25,"Violin"
6,80,"mid","HRSE",1,"Violin"
6,80,"mid","congr.",2.25,"Violin"
6,80,"high","LRSE",2.25,"Violin"
6,80,"high","MRSE",2.25,"Violin"
6,80,"high","HRSE",2.25,"Violin"
6,80,"high","congr.",2.25,"Violin"
7,48,"low","LRSE",1,"Violin"
7,48,"low","MRSE",1,"Violin"
7,48,"low","HRSE",1,"Violin"
7,48,"low","congr.",1,"Violin"
7,48,"mid","LRSE",1,"Violin"
7,48,"mid","MRSE",1,"Violin"
7,48,"mid","HRSE",1,"Violin"
7,48,"mid","congr.",1,"Violin"
7,48,"high","LRSE",4,"Violin"
7,48,"high","MRSE",1,"Violin"
7,48,"high","HRSE",4,"Violin"
7,48,"high","congr.",1,"Violin"
8,86,"low","LRSE",1,"Violin"
8,86,"low","MRSE",1,"Violin"
8,86,"low","HRSE",1,"Violin"
8,86,"low","congr.",1,"Violin"
8,86,"mid","LRSE",2,"Violin"
8,86,"mid","MRSE",1,"Violin"
8,86,"mid","HRSE",2,"Violin"
8,86,"mid","congr.",2,"Violin"
8,86,"high","LRSE",1,"Violin"
8,86,"high","MRSE",1,"Violin"
8,86,"high","HRSE",3,"Violin"
8,86,"high","congr.",1,"Violin"
9,68,"low","LRSE",1,"Violin"
9,68,"low","MRSE",1,"Violin"
9,68,"low","HRSE",1,"Violin"
9,68,"low","congr.",1,"Violin"
9,68,"mid","LRSE",3.5,"Violin"
9,68,"mid","MRSE",3.5,"Violin"
9,68,"mid","HRSE",3.5,"Violin"
9,68,"mid","congr.",3.5,"Violin"
9,68,"high","LRSE",3.5,"Violin"
9,68,"high","MRSE",3.5,"Violin"
9,68,"high","HRSE",3.5,"Violin"
9,68,"high","congr.",3.5,"Violin"
10,67,"low","LRSE",2.25,"Violin"
10,67,"low","MRSE",2.25,"Violin"
10,67,"low","HRSE",2.25,"Violin"
10,67,"low","congr.",2.25,"Violin"
10,67,"mid","LRSE",3.5,"Violin"
10,67,"mid","MRSE",3.5,"Violin"
10,67,"mid","HRSE",2.25,"Violin"
10,67,"mid","congr.",3.5,"Violin"
10,67,"high","LRSE",1,"Violin"
10,67,"high","MRSE",4.75,"Violin"
10,67,"high","HRSE",4.75,"Violin"
10,67,"high","congr.",3.5,"Violin"
11,68,"low","LRSE",6,"Violin"
11,68,"low","MRSE",1,"Violin"
11,68,"low","HRSE",1,"Violin"
11,68,"low","congr.",1,"Violin"
11,68,"mid","LRSE",6,"Violin"
11,68,"mid","MRSE",6,"Violin"
11,68,"mid","HRSE",1,"Violin"
11,68,"mid","congr.",6,"Violin"
11,68,"high","LRSE",1,"Violin"
11,68,"high","MRSE",1,"Violin"
11,68,"high","HRSE",6,"Violin"
11,68,"high","congr.",1,"Violin"
12,92,"low","LRSE",2,"Violin"
12,92,"low","MRSE",4,"Violin"
12,92,"low","HRSE",4,"Violin"
12,92,"low","congr.",4,"Violin"
12,92,"mid","LRSE",4,"Violin"
12,92,"mid","MRSE",5,"Violin"
12,92,"mid","HRSE",4,"Violin"
12,92,"mid","congr.",5,"Violin"
12,92,"high","LRSE",4,"Violin"
12,92,"high","MRSE",4,"Violin"
12,92,"high","HRSE",5,"Violin"
12,92,"high","congr.",5,"Violin"
13,52,"low","LRSE",4.75,"Violin"
13,52,"low","MRSE",4.75,"Violin"
13,52,"low","HRSE",3.5,"Violin"
13,52,"low","congr.",2.25,"Violin"
13,52,"mid","LRSE",3.5,"Violin"
13,52,"mid","MRSE",3.5,"Violin"
13,52,"mid","HRSE",3.5,"Violin"
13,52,"mid","congr.",3.5,"Violin"
13,52,"high","LRSE",2.25,"Violin"
13,52,"high","MRSE",3.5,"Violin"
13,52,"high","HRSE",4.75,"Violin"
13,52,"high","congr.",2.25,"Violin"
14,49,"low","LRSE",3.5,"Violin"
14,49,"low","MRSE",6,"Violin"
14,49,"low","HRSE",6,"Violin"
14,49,"low","congr.",1,"Violin"
14,49,"mid","LRSE",3.5,"Violin"
14,49,"mid","MRSE",1,"Violin"
14,49,"mid","HRSE",3.5,"Violin"
14,49,"mid","congr.",1,"Violin"
14,49,"high","LRSE",1,"Violin"
14,49,"high","MRSE",1,"Violin"
14,49,"high","HRSE",3.5,"Violin"
14,49,"high","congr.",1,"Violin"
15,80,"low","LRSE",2,"Violin"
15,80,"low","MRSE",3,"Violin"
15,80,"low","HRSE",1,"Violin"
15,80,"low","congr.",2,"Violin"
15,80,"mid","LRSE",4,"Violin"
15,80,"mid","MRSE",5,"Violin"
15,80,"mid","HRSE",1,"Violin"
15,80,"mid","congr.",5,"Violin"
15,80,"high","LRSE",5,"Violin"
15,80,"high","MRSE",5,"Violin"
15,80,"high","HRSE",4,"Violin"
15,80,"high","congr.",4,"Violin"
16,87,"low","LRSE",3,"Violin"
16,87,"low","MRSE",6,"Violin"
16,87,"low","HRSE",2,"Violin"
16,87,"low","congr.",3,"Violin"
16,87,"mid","LRSE",5,"Violin"
16,87,"mid","MRSE",4,"Violin"
16,87,"mid","HRSE",3,"Violin"
16,87,"mid","congr.",4,"Violin"
16,87,"high","LRSE",6,"Violin"
16,87,"high","MRSE",6,"Violin"
16,87,"high","HRSE",6,"Violin"
16,87,"high","congr.",6,"Violin"
17,73,"low","LRSE",3,"Violin"
17,73,"low","MRSE",4,"Violin"
17,73,"low","HRSE",1,"Violin"
17,73,"low","congr.",3,"Violin"
17,73,"mid","LRSE",2,"Violin"
17,73,"mid","MRSE",2,"Violin"
17,73,"mid","HRSE",2,"Violin"
17,73,"mid","congr.",2,"Violin"
17,73,"high","LRSE",5,"Violin"
17,73,"high","MRSE",4,"Violin"
17,73,"high","HRSE",4,"Violin"
17,73,"high","congr.",5,"Violin"
18,81,"low","LRSE",1,"Violin"
18,81,"low","MRSE",4.75,"Violin"
18,81,"low","HRSE",1,"Violin"
18,81,"low","congr.",1,"Violin"
18,81,"mid","LRSE",1,"Violin"
18,81,"mid","MRSE",4.75,"Violin"
18,81,"mid","HRSE",1,"Violin"
18,81,"mid","congr.",2.25,"Violin"
18,81,"high","LRSE",6,"Violin"
18,81,"high","MRSE",6,"Violin"
18,81,"high","HRSE",4.75,"Violin"
18,81,"high","congr.",6,"Violin"
19,81,"low","LRSE",1,"Violin"
19,81,"low","MRSE",3,"Violin"
19,81,"low","HRSE",2,"Violin"
19,81,"low","congr.",2,"Violin"
19,81,"mid","LRSE",3,"Violin"
19,81,"mid","MRSE",2,"Violin"
19,81,"mid","HRSE",4,"Violin"
19,81,"mid","congr.",4,"Violin"
19,81,"high","LRSE",3,"Violin"
19,81,"high","MRSE",3,"Violin"
19,81,"high","HRSE",3,"Violin"
19,81,"high","congr.",3,"Violin"
20,82,"low","LRSE",1,"Violin"
20,82,"low","MRSE",1,"Violin"
20,82,"low","HRSE",1,"Violin"
20,82,"low","congr.",1,"Violin"
20,82,"mid","LRSE",1,"Violin"
20,82,"mid","MRSE",2,"Violin"
20,82,"mid","HRSE",1,"Violin"
20,82,"mid","congr.",2,"Violin"
20,82,"high","LRSE",1,"Violin"
20,82,"high","MRSE",1,"Violin"
20,82,"high","HRSE",3,"Violin"
20,82,"high","congr.",2,"Violin"
21,91,"low","LRSE",1,"Violin"
21,91,"low","MRSE",2,"Violin"
21,91,"low","HRSE",1,"Violin"
21,91,"low","congr.",1,"Violin"
21,91,"mid","LRSE",2,"Violin"
21,91,"mid","MRSE",4,"Violin"
21,91,"mid","HRSE",1,"Violin"
21,91,"mid","congr.",3,"Violin"
21,91,"high","LRSE",2,"Violin"
21,91,"high","MRSE",1,"Violin"
21,91,"high","HRSE",1,"Violin"
21,91,"high","congr.",2,"Violin"
22,74,"low","LRSE",4.75,"Violin"
22,74,"low","MRSE",3.5,"Violin"
22,74,"low","HRSE",3.5,"Violin"
22,74,"low","congr.",3.5,"Violin"
22,74,"mid","LRSE",2.25,"Violin"
22,74,"mid","MRSE",2.25,"Violin"
22,74,"mid","HRSE",4.75,"Violin"
22,74,"mid","congr.",4.75,"Violin"
22,74,"high","LRSE",1,"Violin"
22,74,"high","MRSE",3.5,"Violin"
22,74,"high","HRSE",2.25,"Violin"
22,74,"high","congr.",3.5,"Violin"
23,74,"low","LRSE",6,"Violin"
23,74,"low","MRSE",3.5,"Violin"
23,74,"low","HRSE",2.25,"Violin"
23,74,"low","congr.",4.75,"Violin"
23,74,"mid","LRSE",3.5,"Violin"
23,74,"mid","MRSE",2.25,"Violin"
23,74,"mid","HRSE",2.25,"Violin"
23,74,"mid","congr.",4.75,"Violin"
23,74,"high","LRSE",3.5,"Violin"
23,74,"high","MRSE",2.25,"Violin"
23,74,"high","HRSE",4.75,"Violin"
23,74,"high","congr.",2.25,"Violin"
24,80,"low","LRSE",4,"Violin"
24,80,"low","MRSE",2,"Violin"
24,80,"low","HRSE",2,"Violin"
24,80,"low","congr.",3,"Violin"
24,80,"mid","LRSE",5,"Violin"
24,80,"mid","MRSE",5,"Violin"
24,80,"mid","HRSE",2,"Violin"
24,80,"mid","congr.",5,"Violin"
24,80,"high","LRSE",4,"Violin"
24,80,"high","MRSE",5,"Violin"
24,80,"high","HRSE",5,"Violin"
24,80,"high","congr.",5,"Violin"
25,56,"low","LRSE",6,"Violin"
25,56,"low","MRSE",2.66666666666667,"Violin"
25,56,"low","HRSE",2.66666666666667,"Violin"
25,56,"low","congr.",6,"Violin"
25,56,"mid","LRSE",2.66666666666667,"Violin"
25,56,"mid","MRSE",2.66666666666667,"Violin"
25,56,"mid","HRSE",2.66666666666667,"Violin"
25,56,"mid","congr.",4.33333333333333,"Violin"
25,56,"high","LRSE",4.33333333333333,"Violin"
25,56,"high","MRSE",4.33333333333333,"Violin"
25,56,"high","HRSE",4.33333333333333,"Violin"
25,56,"high","congr.",6,"Violin"
26,68,"low","LRSE",2.66666666666667,"Violin"
26,68,"low","MRSE",4.33333333333333,"Violin"
26,68,"low","HRSE",4.33333333333333,"Violin"
26,68,"low","congr.",6,"Violin"
26,68,"mid","LRSE",2.66666666666667,"Violin"
26,68,"mid","MRSE",4.33333333333333,"Violin"
26,68,"mid","HRSE",2.66666666666667,"Violin"
26,68,"mid","congr.",4.33333333333333,"Violin"
26,68,"high","LRSE",2.66666666666667,"Violin"
26,68,"high","MRSE",2.66666666666667,"Violin"
26,68,"high","HRSE",2.66666666666667,"Violin"
26,68,"high","congr.",2.66666666666667,"Violin"
27,76,"low","LRSE",2,"Violin"
27,76,"low","MRSE",3,"Violin"
27,76,"low","HRSE",1,"Violin"
27,76,"low","congr.",3,"Violin"
27,76,"mid","LRSE",1,"Violin"
27,76,"mid","MRSE",3,"Violin"
27,76,"mid","HRSE",1,"Violin"
27,76,"mid","congr.",3,"Violin"
27,76,"high","LRSE",4,"Violin"
27,76,"high","MRSE",5,"Violin"
27,76,"high","HRSE",4,"Violin"
27,76,"high","congr.",4,"Violin"
28,80,"low","LRSE",5,"Violin"
28,80,"low","MRSE",4,"Violin"
28,80,"low","HRSE",1,"Violin"
28,80,"low","congr.",3,"Violin"
28,80,"mid","LRSE",4,"Violin"
28,80,"mid","MRSE",3,"Violin"
28,80,"mid","HRSE",2,"Violin"
28,80,"mid","congr.",4,"Violin"
28,80,"high","LRSE",2,"Violin"
28,80,"high","MRSE",2,"Violin"
28,80,"high","HRSE",3,"Violin"
28,80,"high","congr.",4,"Violin"
29,61,"low","LRSE",5,"Violin"
29,61,"low","MRSE",2,"Violin"
29,61,"low","HRSE",1,"Violin"
29,61,"low","congr.",2,"Violin"
29,61,"mid","LRSE",5,"Violin"
29,61,"mid","MRSE",5,"Violin"
29,61,"mid","HRSE",2,"Violin"
29,61,"mid","congr.",5,"Violin"
29,61,"high","LRSE",2,"Violin"
29,61,"high","MRSE",1,"Violin"
29,61,"high","HRSE",4,"Violin"
29,61,"high","congr.",1,"Violin"
30,73,"low","LRSE",2.25,"Violin"
30,73,"low","MRSE",6,"Violin"
30,73,"low","HRSE",3.5,"Violin"
30,73,"low","congr.",3.5,"Violin"
30,73,"mid","LRSE",4.75,"Violin"
30,73,"mid","MRSE",4.75,"Violin"
30,73,"mid","HRSE",3.5,"Violin"
30,73,"mid","congr.",4.75,"Violin"
30,73,"high","LRSE",6,"Violin"
30,73,"high","MRSE",6,"Violin"
30,73,"high","HRSE",6,"Violin"
30,73,"high","congr.",6,"Violin"
31,82,"low","LRSE",2.25,"Violin"
31,82,"low","MRSE",2.25,"Violin"
31,82,"low","HRSE",2.25,"Violin"
31,82,"low","congr.",2.25,"Violin"
31,82,"mid","LRSE",2.25,"Violin"
31,82,"mid","MRSE",2.25,"Violin"
31,82,"mid","HRSE",2.25,"Violin"
31,82,"mid","congr.",2.25,"Violin"
31,82,"high","LRSE",2.25,"Violin"
31,82,"high","MRSE",3.5,"Violin"
31,82,"high","HRSE",2.25,"Violin"
31,82,"high","congr.",2.25,"Violin"
32,72,"low","LRSE",2,"Violin"
32,72,"low","MRSE",2,"Violin"
32,72,"low","HRSE",2,"Violin"
32,72,"low","congr.",1,"Violin"
32,72,"mid","LRSE",3,"Violin"
32,72,"mid","MRSE",5,"Violin"
32,72,"mid","HRSE",2,"Violin"
32,72,"mid","congr.",4,"Violin"
32,72,"high","LRSE",5,"Violin"
32,72,"high","MRSE",5,"Violin"
32,72,"high","HRSE",6,"Violin"
32,72,"high","congr.",5,"Violin"
33,71,"low","LRSE",2.25,"Violin"
33,71,"low","MRSE",2.25,"Violin"
33,71,"low","HRSE",2.25,"Violin"
33,71,"low","congr.",2.25,"Violin"
33,71,"mid","LRSE",3.5,"Violin"
33,71,"mid","MRSE",3.5,"Violin"
33,71,"mid","HRSE",2.25,"Violin"
33,71,"mid","congr.",3.5,"Violin"
33,71,"high","LRSE",4.75,"Violin"
33,71,"high","MRSE",4.75,"Violin"
33,71,"high","HRSE",2.25,"Violin"
33,71,"high","congr.",3.5,"Violin"
34,76,"low","LRSE",3.5,"Violin"
34,76,"low","MRSE",3.5,"Violin"
34,76,"low","HRSE",1,"Violin"
34,76,"low","congr.",3.5,"Violin"
34,76,"mid","LRSE",3.5,"Violin"
34,76,"mid","MRSE",4.75,"Violin"
34,76,"mid","HRSE",2.25,"Violin"
34,76,"mid","congr.",3.5,"Violin"
34,76,"high","LRSE",4.75,"Violin"
34,76,"high","MRSE",3.5,"Violin"
34,76,"high","HRSE",3.5,"Violin"
34,76,"high","congr.",4.75,"Violin"
35,86,"low","LRSE",1,"Violin"
35,86,"low","MRSE",1,"Violin"
35,86,"low","HRSE",1,"Violin"
35,86,"low","congr.",1,"Violin"
35,86,"mid","LRSE",1,"Violin"
35,86,"mid","MRSE",1,"Violin"
35,86,"mid","HRSE",1,"Violin"
35,86,"mid","congr.",2.66666666666667,"Violin"
35,86,"high","LRSE",4.33333333333333,"Violin"
35,86,"high","MRSE",2.66666666666667,"Violin"
35,86,"high","HRSE",2.66666666666667,"Violin"
35,86,"high","congr.",4.33333333333333,"Violin"
36,61,"low","LRSE",3.5,"Violin"
36,61,"low","MRSE",3.5,"Violin"
36,61,"low","HRSE",3.5,"Violin"
36,61,"low","congr.",3.5,"Violin"
36,61,"mid","LRSE",2.25,"Violin"
36,61,"mid","MRSE",3.5,"Violin"
36,61,"mid","HRSE",3.5,"Violin"
36,61,"mid","congr.",3.5,"Violin"
36,61,"high","LRSE",3.5,"Violin"
36,61,"high","MRSE",2.25,"Violin"
36,61,"high","HRSE",2.25,"Violin"
36,61,"high","congr.",3.5,"Violin"
37,82,"low","LRSE",1,"Violin"
37,82,"low","MRSE",2,"Violin"
37,82,"low","HRSE",1,"Violin"
37,82,"low","congr.",2,"Violin"
37,82,"mid","LRSE",2,"Violin"
37,82,"mid","MRSE",5,"Violin"
37,82,"mid","HRSE",1,"Violin"
37,82,"mid","congr.",5,"Violin"
37,82,"high","LRSE",4,"Violin"
37,82,"high","MRSE",3,"Violin"
37,82,"high","HRSE",4,"Violin"
37,82,"high","congr.",2,"Violin"
38,67,"low","LRSE",2,"Violin"
38,67,"low","MRSE",2,"Violin"
38,67,"low","HRSE",1,"Violin"
38,67,"low","congr.",2,"Violin"
38,67,"mid","LRSE",2,"Violin"
38,67,"mid","MRSE",2,"Violin"
38,67,"mid","HRSE",2,"Violin"
38,67,"mid","congr.",2,"Violin"
38,67,"high","LRSE",1,"Violin"
38,67,"high","MRSE",1,"Violin"
38,67,"high","HRSE",2,"Violin"
38,67,"high","congr.",3,"Violin"
1,76,"low","LRSE",3,"Alto voice"
1,76,"low","MRSE",1,"Alto voice"
1,76,"low","HRSE",1,"Alto voice"
1,76,"low","congr.",3,"Alto voice"
1,76,"mid","LRSE",3,"Alto voice"
1,76,"mid","MRSE",1,"Alto voice"
1,76,"mid","HRSE",2,"Alto voice"
1,76,"mid","congr.",2,"Alto voice"
1,76,"high","LRSE",3,"Alto voice"
1,76,"high","MRSE",2,"Alto voice"
1,76,"high","HRSE",4,"Alto voice"
1,76,"high","congr.",4,"Alto voice"
2,70,"low","LRSE",6,"Alto voice"
2,70,"low","MRSE",6,"Alto voice"
2,70,"low","HRSE",5,"Alto voice"
2,70,"low","congr.",6,"Alto voice"
2,70,"mid","LRSE",6,"Alto voice"
2,70,"mid","MRSE",5,"Alto voice"
2,70,"mid","HRSE",3,"Alto voice"
2,70,"mid","congr.",6,"Alto voice"
2,70,"high","LRSE",3,"Alto voice"
2,70,"high","MRSE",3,"Alto voice"
2,70,"high","HRSE",5,"Alto voice"
2,70,"high","congr.",5,"Alto voice"
3,82,"low","LRSE",4,"Alto voice"
3,82,"low","MRSE",2,"Alto voice"
3,82,"low","HRSE",4,"Alto voice"
3,82,"low","congr.",4,"Alto voice"
3,82,"mid","LRSE",5,"Alto voice"
3,82,"mid","MRSE",2,"Alto voice"
3,82,"mid","HRSE",2,"Alto voice"
3,82,"mid","congr.",5,"Alto voice"
3,82,"high","LRSE",4,"Alto voice"
3,82,"high","MRSE",4,"Alto voice"
3,82,"high","HRSE",5,"Alto voice"
3,82,"high","congr.",3,"Alto voice"
4,79,"low","LRSE",3,"Alto voice"
4,79,"low","MRSE",4,"Alto voice"
4,79,"low","HRSE",2,"Alto voice"
4,79,"low","congr.",4,"Alto voice"
4,79,"mid","LRSE",5,"Alto voice"
4,79,"mid","MRSE",4,"Alto voice"
4,79,"mid","HRSE",5,"Alto voice"
4,79,"mid","congr.",4,"Alto voice"
4,79,"high","LRSE",4,"Alto voice"
4,79,"high","MRSE",4,"Alto voice"
4,79,"high","HRSE",5,"Alto voice"
4,79,"high","congr.",5,"Alto voice"
5,74,"low","LRSE",5,"Alto voice"
5,74,"low","MRSE",5,"Alto voice"
5,74,"low","HRSE",4,"Alto voice"
5,74,"low","congr.",5,"Alto voice"
5,74,"mid","LRSE",2,"Alto voice"
5,74,"mid","MRSE",3,"Alto voice"
5,74,"mid","HRSE",4,"Alto voice"
5,74,"mid","congr.",3,"Alto voice"
5,74,"high","LRSE",2,"Alto voice"
5,74,"high","MRSE",5,"Alto voice"
5,74,"high","HRSE",3,"Alto voice"
5,74,"high","congr.",2,"Alto voice"
6,80,"low","LRSE",1,"Alto voice"
6,80,"low","MRSE",1,"Alto voice"
6,80,"low","HRSE",1,"Alto voice"
6,80,"low","congr.",1,"Alto voice"
6,80,"mid","LRSE",1,"Alto voice"
6,80,"mid","MRSE",1,"Alto voice"
6,80,"mid","HRSE",1,"Alto voice"
6,80,"mid","congr.",1,"Alto voice"
6,80,"high","LRSE",1,"Alto voice"
6,80,"high","MRSE",1,"Alto voice"
6,80,"high","HRSE",1,"Alto voice"
6,80,"high","congr.",1,"Alto voice"
7,48,"low","LRSE",1,"Alto voice"
7,48,"low","MRSE",1,"Alto voice"
7,48,"low","HRSE",1,"Alto voice"
7,48,"low","congr.",2,"Alto voice"
7,48,"mid","LRSE",3,"Alto voice"
7,48,"mid","MRSE",1,"Alto voice"
7,48,"mid","HRSE",1,"Alto voice"
7,48,"mid","congr.",1,"Alto voice"
7,48,"high","LRSE",4,"Alto voice"
7,48,"high","MRSE",4,"Alto voice"
7,48,"high","HRSE",5,"Alto voice"
7,48,"high","congr.",4,"Alto voice"
8,86,"low","LRSE",2,"Alto voice"
8,86,"low","MRSE",1,"Alto voice"
8,86,"low","HRSE",1,"Alto voice"
8,86,"low","congr.",2,"Alto voice"
8,86,"mid","LRSE",2,"Alto voice"
8,86,"mid","MRSE",1,"Alto voice"
8,86,"mid","HRSE",1,"Alto voice"
8,86,"mid","congr.",2,"Alto voice"
8,86,"high","LRSE",2,"Alto voice"
8,86,"high","MRSE",1,"Alto voice"
8,86,"high","HRSE",2,"Alto voice"
8,86,"high","congr.",2,"Alto voice"
9,68,"low","LRSE",3.5,"Alto voice"
9,68,"low","MRSE",3.5,"Alto voice"
9,68,"low","HRSE",6,"Alto voice"
9,68,"low","congr.",6,"Alto voice"
9,68,"mid","LRSE",6,"Alto voice"
9,68,"mid","MRSE",3.5,"Alto voice"
9,68,"mid","HRSE",6,"Alto voice"
9,68,"mid","congr.",3.5,"Alto voice"
9,68,"high","LRSE",3.5,"Alto voice"
9,68,"high","MRSE",3.5,"Alto voice"
9,68,"high","HRSE",3.5,"Alto voice"
9,68,"high","congr.",3.5,"Alto voice"
10,67,"low","LRSE",2.25,"Alto voice"
10,67,"low","MRSE",2.25,"Alto voice"
10,67,"low","HRSE",2.25,"Alto voice"
10,67,"low","congr.",2.25,"Alto voice"
10,67,"mid","LRSE",4.75,"Alto voice"
10,67,"mid","MRSE",4.75,"Alto voice"
10,67,"mid","HRSE",3.5,"Alto voice"
10,67,"mid","congr.",4.75,"Alto voice"
10,67,"high","LRSE",3.5,"Alto voice"
10,67,"high","MRSE",3.5,"Alto voice"
10,67,"high","HRSE",3.5,"Alto voice"
10,67,"high","congr.",3.5,"Alto voice"
11,68,"low","LRSE",6,"Alto voice"
11,68,"low","MRSE",6,"Alto voice"
11,68,"low","HRSE",6,"Alto voice"
11,68,"low","congr.",6,"Alto voice"
11,68,"mid","LRSE",6,"Alto voice"
11,68,"mid","MRSE",6,"Alto voice"
11,68,"mid","HRSE",6,"Alto voice"
11,68,"mid","congr.",1,"Alto voice"
11,68,"high","LRSE",6,"Alto voice"
11,68,"high","MRSE",1,"Alto voice"
11,68,"high","HRSE",1,"Alto voice"
11,68,"high","congr.",1,"Alto voice"
12,92,"low","LRSE",4,"Alto voice"
12,92,"low","MRSE",3,"Alto voice"
12,92,"low","HRSE",2,"Alto voice"
12,92,"low","congr.",3,"Alto voice"
12,92,"mid","LRSE",2,"Alto voice"
12,92,"mid","MRSE",2,"Alto voice"
12,92,"mid","HRSE",2,"Alto voice"
12,92,"mid","congr.",4,"Alto voice"
12,92,"high","LRSE",3,"Alto voice"
12,92,"high","MRSE",3,"Alto voice"
12,92,"high","HRSE",3,"Alto voice"
12,92,"high","congr.",3,"Alto voice"
13,52,"low","LRSE",3.5,"Alto voice"
13,52,"low","MRSE",4.75,"Alto voice"
13,52,"low","HRSE",2.25,"Alto voice"
13,52,"low","congr.",3.5,"Alto voice"
13,52,"mid","LRSE",4.75,"Alto voice"
13,52,"mid","MRSE",3.5,"Alto voice"
13,52,"mid","HRSE",2.25,"Alto voice"
13,52,"mid","congr.",3.5,"Alto voice"
13,52,"high","LRSE",3.5,"Alto voice"
13,52,"high","MRSE",4.75,"Alto voice"
13,52,"high","HRSE",3.5,"Alto voice"
13,52,"high","congr.",3.5,"Alto voice"
14,49,"low","LRSE",3.5,"Alto voice"
14,49,"low","MRSE",6,"Alto voice"
14,49,"low","HRSE",1,"Alto voice"
14,49,"low","congr.",3.5,"Alto voice"
14,49,"mid","LRSE",3.5,"Alto voice"
14,49,"mid","MRSE",3.5,"Alto voice"
14,49,"mid","HRSE",1,"Alto voice"
14,49,"mid","congr.",3.5,"Alto voice"
14,49,"high","LRSE",3.5,"Alto voice"
14,49,"high","MRSE",3.5,"Alto voice"
14,49,"high","HRSE",3.5,"Alto voice"
14,49,"high","congr.",3.5,"Alto voice"
15,80,"low","LRSE",5,"Alto voice"
15,80,"low","MRSE",4,"Alto voice"
15,80,"low","HRSE",3,"Alto voice"
15,80,"low","congr.",4,"Alto voice"
15,80,"mid","LRSE",5,"Alto voice"
15,80,"mid","MRSE",5,"Alto voice"
15,80,"mid","HRSE",4,"Alto voice"
15,80,"mid","congr.",4,"Alto voice"
15,80,"high","LRSE",5,"Alto voice"
15,80,"high","MRSE",5,"Alto voice"
15,80,"high","HRSE",5,"Alto voice"
15,80,"high","congr.",4,"Alto voice"
16,87,"low","LRSE",1,"Alto voice"
16,87,"low","MRSE",1,"Alto voice"
16,87,"low","HRSE",1,"Alto voice"
16,87,"low","congr.",1,"Alto voice"
16,87,"mid","LRSE",1,"Alto voice"
16,87,"mid","MRSE",1,"Alto voice"
16,87,"mid","HRSE",1,"Alto voice"
16,87,"mid","congr.",1,"Alto voice"
16,87,"high","LRSE",1,"Alto voice"
16,87,"high","MRSE",1,"Alto voice"
16,87,"high","HRSE",2,"Alto voice"
16,87,"high","congr.",1,"Alto voice"
17,73,"low","LRSE",2,"Alto voice"
17,73,"low","MRSE",2,"Alto voice"
17,73,"low","HRSE",3,"Alto voice"
17,73,"low","congr.",5,"Alto voice"
17,73,"mid","LRSE",5,"Alto voice"
17,73,"mid","MRSE",5,"Alto voice"
17,73,"mid","HRSE",2,"Alto voice"
17,73,"mid","congr.",4,"Alto voice"
17,73,"high","LRSE",2,"Alto voice"
17,73,"high","MRSE",2,"Alto voice"
17,73,"high","HRSE",3,"Alto voice"
17,73,"high","congr.",5,"Alto voice"
18,81,"low","LRSE",4.75,"Alto voice"
18,81,"low","MRSE",2.25,"Alto voice"
18,81,"low","HRSE",3.5,"Alto voice"
18,81,"low","congr.",1,"Alto voice"
18,81,"mid","LRSE",4.75,"Alto voice"
18,81,"mid","MRSE",6,"Alto voice"
18,81,"mid","HRSE",2.25,"Alto voice"
18,81,"mid","congr.",6,"Alto voice"
18,81,"high","LRSE",6,"Alto voice"
18,81,"high","MRSE",1,"Alto voice"
18,81,"high","HRSE",6,"Alto voice"
18,81,"high","congr.",6,"Alto voice"
19,81,"low","LRSE",4,"Alto voice"
19,81,"low","MRSE",4,"Alto voice"
19,81,"low","HRSE",4,"Alto voice"
19,81,"low","congr.",3,"Alto voice"
19,81,"mid","LRSE",3,"Alto voice"
19,81,"mid","MRSE",1,"Alto voice"
19,81,"mid","HRSE",1,"Alto voice"
19,81,"mid","congr.",4,"Alto voice"
19,81,"high","LRSE",2,"Alto voice"
19,81,"high","MRSE",3,"Alto voice"
19,81,"high","HRSE",2,"Alto voice"
19,81,"high","congr.",1,"Alto voice"
20,82,"low","LRSE",5,"Alto voice"
20,82,"low","MRSE",6,"Alto voice"
20,82,"low","HRSE",2,"Alto voice"
20,82,"low","congr.",4,"Alto voice"
20,82,"mid","LRSE",5,"Alto voice"
20,82,"mid","MRSE",6,"Alto voice"
20,82,"mid","HRSE",3,"Alto voice"
20,82,"mid","congr.",6,"Alto voice"
20,82,"high","LRSE",2,"Alto voice"
20,82,"high","MRSE",3,"Alto voice"
20,82,"high","HRSE",3,"Alto voice"
20,82,"high","congr.",2,"Alto voice"
21,91,"low","LRSE",1,"Alto voice"
21,91,"low","MRSE",1,"Alto voice"
21,91,"low","HRSE",1,"Alto voice"
21,91,"low","congr.",3,"Alto voice"
21,91,"mid","LRSE",2,"Alto voice"
21,91,"mid","MRSE",3,"Alto voice"
21,91,"mid","HRSE",1,"Alto voice"
21,91,"mid","congr.",2,"Alto voice"
21,91,"high","LRSE",3,"Alto voice"
21,91,"high","MRSE",2,"Alto voice"
21,91,"high","HRSE",3,"Alto voice"
21,91,"high","congr.",5,"Alto voice"
22,74,"low","LRSE",4.75,"Alto voice"
22,74,"low","MRSE",4.75,"Alto voice"
22,74,"low","HRSE",4.75,"Alto voice"
22,74,"low","congr.",4.75,"Alto voice"
22,74,"mid","LRSE",3.5,"Alto voice"
22,74,"mid","MRSE",2.25,"Alto voice"
22,74,"mid","HRSE",4.75,"Alto voice"
22,74,"mid","congr.",2.25,"Alto voice"
22,74,"high","LRSE",2.25,"Alto voice"
22,74,"high","MRSE",4.75,"Alto voice"
22,74,"high","HRSE",4.75,"Alto voice"
22,74,"high","congr.",2.25,"Alto voice"
23,74,"low","LRSE",4.75,"Alto voice"
23,74,"low","MRSE",2.25,"Alto voice"
23,74,"low","HRSE",2.25,"Alto voice"
23,74,"low","congr.",2.25,"Alto voice"
23,74,"mid","LRSE",4.75,"Alto voice"
23,74,"mid","MRSE",4.75,"Alto voice"
23,74,"mid","HRSE",3.5,"Alto voice"
23,74,"mid","congr.",4.75,"Alto voice"
23,74,"high","LRSE",1,"Alto voice"
23,74,"high","MRSE",3.5,"Alto voice"
23,74,"high","HRSE",4.75,"Alto voice"
23,74,"high","congr.",2.25,"Alto voice"
24,80,"low","LRSE",6,"Alto voice"
24,80,"low","MRSE",6,"Alto voice"
24,80,"low","HRSE",5,"Alto voice"
24,80,"low","congr.",5,"Alto voice"
24,80,"mid","LRSE",1,"Alto voice"
24,80,"mid","MRSE",1,"Alto voice"
24,80,"mid","HRSE",2,"Alto voice"
24,80,"mid","congr.",2,"Alto voice"
24,80,"high","LRSE",2,"Alto voice"
24,80,"high","MRSE",1,"Alto voice"
24,80,"high","HRSE",1,"Alto voice"
24,80,"high","congr.",2,"Alto voice"
25,56,"low","LRSE",2.66666666666667,"Alto voice"
25,56,"low","MRSE",4.33333333333333,"Alto voice"
25,56,"low","HRSE",1,"Alto voice"
25,56,"low","congr.",2.66666666666667,"Alto voice"
25,56,"mid","LRSE",4.33333333333333,"Alto voice"
25,56,"mid","MRSE",2.66666666666667,"Alto voice"
25,56,"mid","HRSE",4.33333333333333,"Alto voice"
25,56,"mid","congr.",2.66666666666667,"Alto voice"
25,56,"high","LRSE",2.66666666666667,"Alto voice"
25,56,"high","MRSE",2.66666666666667,"Alto voice"
25,56,"high","HRSE",2.66666666666667,"Alto voice"
25,56,"high","congr.",4.33333333333333,"Alto voice"
26,68,"low","LRSE",4.33333333333333,"Alto voice"
26,68,"low","MRSE",4.33333333333333,"Alto voice"
26,68,"low","HRSE",4.33333333333333,"Alto voice"
26,68,"low","congr.",6,"Alto voice"
26,68,"mid","LRSE",4.33333333333333,"Alto voice"
26,68,"mid","MRSE",4.33333333333333,"Alto voice"
26,68,"mid","HRSE",4.33333333333333,"Alto voice"
26,68,"mid","congr.",4.33333333333333,"Alto voice"
26,68,"high","LRSE",2.66666666666667,"Alto voice"
26,68,"high","MRSE",4.33333333333333,"Alto voice"
26,68,"high","HRSE",2.66666666666667,"Alto voice"
26,68,"high","congr.",4.33333333333333,"Alto voice"
27,76,"low","LRSE",4,"Alto voice"
27,76,"low","MRSE",4,"Alto voice"
27,76,"low","HRSE",2,"Alto voice"
27,76,"low","congr.",5,"Alto voice"
27,76,"mid","LRSE",6,"Alto voice"
27,76,"mid","MRSE",5,"Alto voice"
27,76,"mid","HRSE",3,"Alto voice"
27,76,"mid","congr.",6,"Alto voice"
27,76,"high","LRSE",5,"Alto voice"
27,76,"high","MRSE",3,"Alto voice"
27,76,"high","HRSE",4,"Alto voice"
27,76,"high","congr.",5,"Alto voice"
28,80,"low","LRSE",6,"Alto voice"
28,80,"low","MRSE",6,"Alto voice"
28,80,"low","HRSE",3,"Alto voice"
28,80,"low","congr.",6,"Alto voice"
28,80,"mid","LRSE",5,"Alto voice"
28,80,"mid","MRSE",5,"Alto voice"
28,80,"mid","HRSE",3,"Alto voice"
28,80,"mid","congr.",6,"Alto voice"
28,80,"high","LRSE",4,"Alto voice"
28,80,"high","MRSE",4,"Alto voice"
28,80,"high","HRSE",5,"Alto voice"
28,80,"high","congr.",6,"Alto voice"
29,61,"low","LRSE",5,"Alto voice"
29,61,"low","MRSE",3,"Alto voice"
29,61,"low","HRSE",1,"Alto voice"
29,61,"low","congr.",4,"Alto voice"
29,61,"mid","LRSE",4,"Alto voice"
29,61,"mid","MRSE",5,"Alto voice"
29,61,"mid","HRSE",2,"Alto voice"
29,61,"mid","congr.",2,"Alto voice"
29,61,"high","LRSE",3,"Alto voice"
29,61,"high","MRSE",2,"Alto voice"
29,61,"high","HRSE",2,"Alto voice"
29,61,"high","congr.",4,"Alto voice"
30,73,"low","LRSE",4.75,"Alto voice"
30,73,"low","MRSE",4.75,"Alto voice"
30,73,"low","HRSE",4.75,"Alto voice"
30,73,"low","congr.",4.75,"Alto voice"
30,73,"mid","LRSE",3.5,"Alto voice"
30,73,"mid","MRSE",3.5,"Alto voice"
30,73,"mid","HRSE",6,"Alto voice"
30,73,"mid","congr.",4.75,"Alto voice"
30,73,"high","LRSE",4.75,"Alto voice"
30,73,"high","MRSE",6,"Alto voice"
30,73,"high","HRSE",4.75,"Alto voice"
30,73,"high","congr.",4.75,"Alto voice"
31,82,"low","LRSE",3.5,"Alto voice"
31,82,"low","MRSE",3.5,"Alto voice"
31,82,"low","HRSE",4.75,"Alto voice"
31,82,"low","congr.",3.5,"Alto voice"
31,82,"mid","LRSE",3.5,"Alto voice"
31,82,"mid","MRSE",3.5,"Alto voice"
31,82,"mid","HRSE",3.5,"Alto voice"
31,82,"mid","congr.",3.5,"Alto voice"
31,82,"high","LRSE",3.5,"Alto voice"
31,82,"high","MRSE",3.5,"Alto voice"
31,82,"high","HRSE",3.5,"Alto voice"
31,82,"high","congr.",3.5,"Alto voice"
32,72,"low","LRSE",2,"Alto voice"
32,72,"low","MRSE",5,"Alto voice"
32,72,"low","HRSE",5,"Alto voice"
32,72,"low","congr.",3,"Alto voice"
32,72,"mid","LRSE",1,"Alto voice"
32,72,"mid","MRSE",1,"Alto voice"
32,72,"mid","HRSE",4,"Alto voice"
32,72,"mid","congr.",2,"Alto voice"
32,72,"high","LRSE",2,"Alto voice"
32,72,"high","MRSE",2,"Alto voice"
32,72,"high","HRSE",2,"Alto voice"
32,72,"high","congr.",3,"Alto voice"
33,71,"low","LRSE",2.25,"Alto voice"
33,71,"low","MRSE",2.25,"Alto voice"
33,71,"low","HRSE",2.25,"Alto voice"
33,71,"low","congr.",2.25,"Alto voice"
33,71,"mid","LRSE",2.25,"Alto voice"
33,71,"mid","MRSE",2.25,"Alto voice"
33,71,"mid","HRSE",2.25,"Alto voice"
33,71,"mid","congr.",2.25,"Alto voice"
33,71,"high","LRSE",2.25,"Alto voice"
33,71,"high","MRSE",2.25,"Alto voice"
33,71,"high","HRSE",2.25,"Alto voice"
33,71,"high","congr.",2.25,"Alto voice"
34,76,"low","LRSE",4.75,"Alto voice"
34,76,"low","MRSE",4.75,"Alto voice"
34,76,"low","HRSE",2.25,"Alto voice"
34,76,"low","congr.",4.75,"Alto voice"
34,76,"mid","LRSE",4.75,"Alto voice"
34,76,"mid","MRSE",4.75,"Alto voice"
34,76,"mid","HRSE",3.5,"Alto voice"
34,76,"mid","congr.",6,"Alto voice"
34,76,"high","LRSE",4.75,"Alto voice"
34,76,"high","MRSE",4.75,"Alto voice"
34,76,"high","HRSE",6,"Alto voice"
34,76,"high","congr.",4.75,"Alto voice"
35,86,"low","LRSE",1,"Alto voice"
35,86,"low","MRSE",2.66666666666667,"Alto voice"
35,86,"low","HRSE",1,"Alto voice"
35,86,"low","congr.",2.66666666666667,"Alto voice"
35,86,"mid","LRSE",4.33333333333333,"Alto voice"
35,86,"mid","MRSE",2.66666666666667,"Alto voice"
35,86,"mid","HRSE",2.66666666666667,"Alto voice"
35,86,"mid","congr.",1,"Alto voice"
35,86,"high","LRSE",2.66666666666667,"Alto voice"
35,86,"high","MRSE",2.66666666666667,"Alto voice"
35,86,"high","HRSE",1,"Alto voice"
35,86,"high","congr.",2.66666666666667,"Alto voice"
36,61,"low","LRSE",4.75,"Alto voice"
36,61,"low","MRSE",3.5,"Alto voice"
36,61,"low","HRSE",3.5,"Alto voice"
36,61,"low","congr.",4.75,"Alto voice"
36,61,"mid","LRSE",4.75,"Alto voice"
36,61,"mid","MRSE",4.75,"Alto voice"
36,61,"mid","HRSE",3.5,"Alto voice"
36,61,"mid","congr.",4.75,"Alto voice"
36,61,"high","LRSE",4.75,"Alto voice"
36,61,"high","MRSE",3.5,"Alto voice"
36,61,"high","HRSE",4.75,"Alto voice"
36,61,"high","congr.",4.75,"Alto voice"
37,82,"low","LRSE",3,"Alto voice"
37,82,"low","MRSE",2,"Alto voice"
37,82,"low","HRSE",2,"Alto voice"
37,82,"low","congr.",3,"Alto voice"
37,82,"mid","LRSE",5,"Alto voice"
37,82,"mid","MRSE",4,"Alto voice"
37,82,"mid","HRSE",3,"Alto voice"
37,82,"mid","congr.",3,"Alto voice"
37,82,"high","LRSE",5,"Alto voice"
37,82,"high","MRSE",1,"Alto voice"
37,82,"high","HRSE",5,"Alto voice"
37,82,"high","congr.",4,"Alto voice"
38,67,"low","LRSE",5,"Alto voice"
38,67,"low","MRSE",5,"Alto voice"
38,67,"low","HRSE",5,"Alto voice"
38,67,"low","congr.",5,"Alto voice"
38,67,"mid","LRSE",4,"Alto voice"
38,67,"mid","MRSE",4,"Alto voice"
38,67,"mid","HRSE",4,"Alto voice"
38,67,"mid","congr.",5,"Alto voice"
38,67,"high","LRSE",5,"Alto voice"
38,67,"high","MRSE",4,"Alto voice"
38,67,"high","HRSE",4,"Alto voice"
38,67,"high","congr.",5,"Alto voice"
1,76,"low","LRSE",2,"Clarinet"
1,76,"low","MRSE",5,"Clarinet"
1,76,"low","HRSE",4,"Clarinet"
1,76,"low","congr.",3,"Clarinet"
1,76,"mid","LRSE",4,"Clarinet"
1,76,"mid","MRSE",2,"Clarinet"
1,76,"mid","HRSE",2,"Clarinet"
1,76,"mid","congr.",3,"Clarinet"
1,76,"high","LRSE",2,"Clarinet"
1,76,"high","MRSE",5,"Clarinet"
1,76,"high","HRSE",2,"Clarinet"
1,76,"high","congr.",5,"Clarinet"
2,70,"low","LRSE",4,"Clarinet"
2,70,"low","MRSE",3,"Clarinet"
2,70,"low","HRSE",4,"Clarinet"
2,70,"low","congr.",5,"Clarinet"
2,70,"mid","LRSE",5,"Clarinet"
2,70,"mid","MRSE",6,"Clarinet"
2,70,"mid","HRSE",4,"Clarinet"
2,70,"mid","congr.",5,"Clarinet"
2,70,"high","LRSE",5,"Clarinet"
2,70,"high","MRSE",5,"Clarinet"
2,70,"high","HRSE",4,"Clarinet"
2,70,"high","congr.",4,"Clarinet"
3,82,"low","LRSE",6,"Clarinet"
3,82,"low","MRSE",5,"Clarinet"
3,82,"low","HRSE",3,"Clarinet"
3,82,"low","congr.",5,"Clarinet"
3,82,"mid","LRSE",3,"Clarinet"
3,82,"mid","MRSE",5,"Clarinet"
3,82,"mid","HRSE",2,"Clarinet"
3,82,"mid","congr.",4,"Clarinet"
3,82,"high","LRSE",5,"Clarinet"
3,82,"high","MRSE",5,"Clarinet"
3,82,"high","HRSE",6,"Clarinet"
3,82,"high","congr.",3,"Clarinet"
4,79,"low","LRSE",6,"Clarinet"
4,79,"low","MRSE",6,"Clarinet"
4,79,"low","HRSE",4,"Clarinet"
4,79,"low","congr.",6,"Clarinet"
4,79,"mid","LRSE",6,"Clarinet"
4,79,"mid","MRSE",5,"Clarinet"
4,79,"mid","HRSE",5,"Clarinet"
4,79,"mid","congr.",5,"Clarinet"
4,79,"high","LRSE",4,"Clarinet"
4,79,"high","MRSE",5,"Clarinet"
4,79,"high","HRSE",4,"Clarinet"
4,79,"high","congr.",4,"Clarinet"
5,74,"low","LRSE",6,"Clarinet"
5,74,"low","MRSE",5,"Clarinet"
5,74,"low","HRSE",4,"Clarinet"
5,74,"low","congr.",6,"Clarinet"
5,74,"mid","LRSE",4,"Clarinet"
5,74,"mid","MRSE",5,"Clarinet"
5,74,"mid","HRSE",4,"Clarinet"
5,74,"mid","congr.",6,"Clarinet"
5,74,"high","LRSE",2,"Clarinet"
5,74,"high","MRSE",3,"Clarinet"
5,74,"high","HRSE",3,"Clarinet"
5,74,"high","congr.",2,"Clarinet"
6,80,"low","LRSE",2.25,"Clarinet"
6,80,"low","MRSE",1,"Clarinet"
6,80,"low","HRSE",2.25,"Clarinet"
6,80,"low","congr.",2.25,"Clarinet"
6,80,"mid","LRSE",3.5,"Clarinet"
6,80,"mid","MRSE",3.5,"Clarinet"
6,80,"mid","HRSE",2.25,"Clarinet"
6,80,"mid","congr.",4.75,"Clarinet"
6,80,"high","LRSE",4.75,"Clarinet"
6,80,"high","MRSE",3.5,"Clarinet"
6,80,"high","HRSE",4.75,"Clarinet"
6,80,"high","congr.",3.5,"Clarinet"
7,48,"low","LRSE",4,"Clarinet"
7,48,"low","MRSE",3,"Clarinet"
7,48,"low","HRSE",2,"Clarinet"
7,48,"low","congr.",1,"Clarinet"
7,48,"mid","LRSE",5,"Clarinet"
7,48,"mid","MRSE",5,"Clarinet"
7,48,"mid","HRSE",4,"Clarinet"
7,48,"mid","congr.",5,"Clarinet"
7,48,"high","LRSE",6,"Clarinet"
7,48,"high","MRSE",6,"Clarinet"
7,48,"high","HRSE",4,"Clarinet"
7,48,"high","congr.",5,"Clarinet"
8,86,"low","LRSE",6,"Clarinet"
8,86,"low","MRSE",5,"Clarinet"
8,86,"low","HRSE",2,"Clarinet"
8,86,"low","congr.",4,"Clarinet"
8,86,"mid","LRSE",5,"Clarinet"
8,86,"mid","MRSE",5,"Clarinet"
8,86,"mid","HRSE",2,"Clarinet"
8,86,"mid","congr.",4,"Clarinet"
8,86,"high","LRSE",4,"Clarinet"
8,86,"high","MRSE",3,"Clarinet"
8,86,"high","HRSE",5,"Clarinet"
8,86,"high","congr.",3,"Clarinet"
9,68,"low","LRSE",3.5,"Clarinet"
9,68,"low","MRSE",6,"Clarinet"
9,68,"low","HRSE",6,"Clarinet"
9,68,"low","congr.",3.5,"Clarinet"
9,68,"mid","LRSE",3.5,"Clarinet"
9,68,"mid","MRSE",3.5,"Clarinet"
9,68,"mid","HRSE",1,"Clarinet"
9,68,"mid","congr.",3.5,"Clarinet"
9,68,"high","LRSE",6,"Clarinet"
9,68,"high","MRSE",3.5,"Clarinet"
9,68,"high","HRSE",3.5,"Clarinet"
9,68,"high","congr.",3.5,"Clarinet"
10,67,"low","LRSE",3.5,"Clarinet"
10,67,"low","MRSE",4.75,"Clarinet"
10,67,"low","HRSE",1,"Clarinet"
10,67,"low","congr.",2.25,"Clarinet"
10,67,"mid","LRSE",2.25,"Clarinet"
10,67,"mid","MRSE",6,"Clarinet"
10,67,"mid","HRSE",3.5,"Clarinet"
10,67,"mid","congr.",4.75,"Clarinet"
10,67,"high","LRSE",4.75,"Clarinet"
10,67,"high","MRSE",3.5,"Clarinet"
10,67,"high","HRSE",4.75,"Clarinet"
10,67,"high","congr.",4.75,"Clarinet"
11,68,"low","LRSE",1,"Clarinet"
11,68,"low","MRSE",6,"Clarinet"
11,68,"low","HRSE",6,"Clarinet"
11,68,"low","congr.",6,"Clarinet"
11,68,"mid","LRSE",6,"Clarinet"
11,68,"mid","MRSE",6,"Clarinet"
11,68,"mid","HRSE",1,"Clarinet"
11,68,"mid","congr.",6,"Clarinet"
11,68,"high","LRSE",6,"Clarinet"
11,68,"high","MRSE",6,"Clarinet"
11,68,"high","HRSE",6,"Clarinet"
11,68,"high","congr.",1,"Clarinet"
12,92,"low","LRSE",4,"Clarinet"
12,92,"low","MRSE",4,"Clarinet"
12,92,"low","HRSE",4,"Clarinet"
12,92,"low","congr.",4,"Clarinet"
12,92,"mid","LRSE",5,"Clarinet"
12,92,"mid","MRSE",5,"Clarinet"
12,92,"mid","HRSE",5,"Clarinet"
12,92,"mid","congr.",5,"Clarinet"
12,92,"high","LRSE",5,"Clarinet"
12,92,"high","MRSE",6,"Clarinet"
12,92,"high","HRSE",5,"Clarinet"
12,92,"high","congr.",5,"Clarinet"
13,52,"low","LRSE",4.75,"Clarinet"
13,52,"low","MRSE",6,"Clarinet"
13,52,"low","HRSE",2.25,"Clarinet"
13,52,"low","congr.",4.75,"Clarinet"
13,52,"mid","LRSE",3.5,"Clarinet"
13,52,"mid","MRSE",3.5,"Clarinet"
13,52,"mid","HRSE",2.25,"Clarinet"
13,52,"mid","congr.",4.75,"Clarinet"
13,52,"high","LRSE",3.5,"Clarinet"
13,52,"high","MRSE",3.5,"Clarinet"
13,52,"high","HRSE",4.75,"Clarinet"
13,52,"high","congr.",1,"Clarinet"
14,49,"low","LRSE",6,"Clarinet"
14,49,"low","MRSE",6,"Clarinet"
14,49,"low","HRSE",3.5,"Clarinet"
14,49,"low","congr.",6,"Clarinet"
14,49,"mid","LRSE",6,"Clarinet"
14,49,"mid","MRSE",6,"Clarinet"
14,49,"mid","HRSE",6,"Clarinet"
14,49,"mid","congr.",3.5,"Clarinet"
14,49,"high","LRSE",3.5,"Clarinet"
14,49,"high","MRSE",6,"Clarinet"
14,49,"high","HRSE",6,"Clarinet"
14,49,"high","congr.",6,"Clarinet"
15,80,"low","LRSE",6,"Clarinet"
15,80,"low","MRSE",6,"Clarinet"
15,80,"low","HRSE",5,"Clarinet"
15,80,"low","congr.",6,"Clarinet"
15,80,"mid","LRSE",5,"Clarinet"
15,80,"mid","MRSE",6,"Clarinet"
15,80,"mid","HRSE",6,"Clarinet"
15,80,"mid","congr.",6,"Clarinet"
15,80,"high","LRSE",4,"Clarinet"
15,80,"high","MRSE",6,"Clarinet"
15,80,"high","HRSE",5,"Clarinet"
15,80,"high","congr.",4,"Clarinet"
16,87,"low","LRSE",2,"Clarinet"
16,87,"low","MRSE",1,"Clarinet"
16,87,"low","HRSE",5,"Clarinet"
16,87,"low","congr.",5,"Clarinet"
16,87,"mid","LRSE",6,"Clarinet"
16,87,"mid","MRSE",6,"Clarinet"
16,87,"mid","HRSE",6,"Clarinet"
16,87,"mid","congr.",3,"Clarinet"
16,87,"high","LRSE",6,"Clarinet"
16,87,"high","MRSE",6,"Clarinet"
16,87,"high","HRSE",5,"Clarinet"
16,87,"high","congr.",2,"Clarinet"
17,73,"low","LRSE",4,"Clarinet"
17,73,"low","MRSE",4,"Clarinet"
17,73,"low","HRSE",5,"Clarinet"
17,73,"low","congr.",5,"Clarinet"
17,73,"mid","LRSE",5,"Clarinet"
17,73,"mid","MRSE",6,"Clarinet"
17,73,"mid","HRSE",3,"Clarinet"
17,73,"mid","congr.",6,"Clarinet"
17,73,"high","LRSE",5,"Clarinet"
17,73,"high","MRSE",2,"Clarinet"
17,73,"high","HRSE",2,"Clarinet"
17,73,"high","congr.",4,"Clarinet"
18,81,"low","LRSE",6,"Clarinet"
18,81,"low","MRSE",6,"Clarinet"
18,81,"low","HRSE",1,"Clarinet"
18,81,"low","congr.",4.75,"Clarinet"
18,81,"mid","LRSE",3.5,"Clarinet"
18,81,"mid","MRSE",6,"Clarinet"
18,81,"mid","HRSE",2.25,"Clarinet"
18,81,"mid","congr.",6,"Clarinet"
18,81,"high","LRSE",2.25,"Clarinet"
18,81,"high","MRSE",1,"Clarinet"
18,81,"high","HRSE",2.25,"Clarinet"
18,81,"high","congr.",2.25,"Clarinet"
19,81,"low","LRSE",5,"Clarinet"
19,81,"low","MRSE",5,"Clarinet"
19,81,"low","HRSE",4,"Clarinet"
19,81,"low","congr.",6,"Clarinet"
19,81,"mid","LRSE",5,"Clarinet"
19,81,"mid","MRSE",6,"Clarinet"
19,81,"mid","HRSE",4,"Clarinet"
19,81,"mid","congr.",5,"Clarinet"
19,81,"high","LRSE",5,"Clarinet"
19,81,"high","MRSE",5,"Clarinet"
19,81,"high","HRSE",6,"Clarinet"
19,81,"high","congr.",6,"Clarinet"
20,82,"low","LRSE",6,"Clarinet"
20,82,"low","MRSE",4,"Clarinet"
20,82,"low","HRSE",3,"Clarinet"
20,82,"low","congr.",6,"Clarinet"
20,82,"mid","LRSE",3,"Clarinet"
20,82,"mid","MRSE",6,"Clarinet"
20,82,"mid","HRSE",3,"Clarinet"
20,82,"mid","congr.",6,"Clarinet"
20,82,"high","LRSE",6,"Clarinet"
20,82,"high","MRSE",3,"Clarinet"
20,82,"high","HRSE",6,"Clarinet"
20,82,"high","congr.",6,"Clarinet"
21,91,"low","LRSE",5,"Clarinet"
21,91,"low","MRSE",5,"Clarinet"
21,91,"low","HRSE",2,"Clarinet"
21,91,"low","congr.",5,"Clarinet"
21,91,"mid","LRSE",2,"Clarinet"
21,91,"mid","MRSE",5,"Clarinet"
21,91,"mid","HRSE",2,"Clarinet"
21,91,"mid","congr.",6,"Clarinet"
21,91,"high","LRSE",5,"Clarinet"
21,91,"high","MRSE",6,"Clarinet"
21,91,"high","HRSE",5,"Clarinet"
21,91,"high","congr.",4,"Clarinet"
22,74,"low","LRSE",3.5,"Clarinet"
22,74,"low","MRSE",3.5,"Clarinet"
22,74,"low","HRSE",4.75,"Clarinet"
22,74,"low","congr.",4.75,"Clarinet"
22,74,"mid","LRSE",6,"Clarinet"
22,74,"mid","MRSE",6,"Clarinet"
22,74,"mid","HRSE",3.5,"Clarinet"
22,74,"mid","congr.",4.75,"Clarinet"
22,74,"high","LRSE",2.25,"Clarinet"
22,74,"high","MRSE",2.25,"Clarinet"
22,74,"high","HRSE",2.25,"Clarinet"
22,74,"high","congr.",2.25,"Clarinet"
23,74,"low","LRSE",4.75,"Clarinet"
23,74,"low","MRSE",3.5,"Clarinet"
23,74,"low","HRSE",2.25,"Clarinet"
23,74,"low","congr.",6,"Clarinet"
23,74,"mid","LRSE",4.75,"Clarinet"
23,74,"mid","MRSE",6,"Clarinet"
23,74,"mid","HRSE",3.5,"Clarinet"
23,74,"mid","congr.",6,"Clarinet"
23,74,"high","LRSE",4.75,"Clarinet"
23,74,"high","MRSE",6,"Clarinet"
23,74,"high","HRSE",6,"Clarinet"
23,74,"high","congr.",4.75,"Clarinet"
24,80,"low","LRSE",5,"Clarinet"
24,80,"low","MRSE",3,"Clarinet"
24,80,"low","HRSE",2,"Clarinet"
24,80,"low","congr.",5,"Clarinet"
24,80,"mid","LRSE",5,"Clarinet"
24,80,"mid","MRSE",6,"Clarinet"
24,80,"mid","HRSE",3,"Clarinet"
24,80,"mid","congr.",6,"Clarinet"
24,80,"high","LRSE",6,"Clarinet"
24,80,"high","MRSE",5,"Clarinet"
24,80,"high","HRSE",6,"Clarinet"
24,80,"high","congr.",5,"Clarinet"
25,56,"low","LRSE",4.33333333333333,"Clarinet"
25,56,"low","MRSE",6,"Clarinet"
25,56,"low","HRSE",4.33333333333333,"Clarinet"
25,56,"low","congr.",2.66666666666667,"Clarinet"
25,56,"mid","LRSE",2.66666666666667,"Clarinet"
25,56,"mid","MRSE",1,"Clarinet"
25,56,"mid","HRSE",4.33333333333333,"Clarinet"
25,56,"mid","congr.",4.33333333333333,"Clarinet"
25,56,"high","LRSE",1,"Clarinet"
25,56,"high","MRSE",4.33333333333333,"Clarinet"
25,56,"high","HRSE",4.33333333333333,"Clarinet"
25,56,"high","congr.",2.66666666666667,"Clarinet"
26,68,"low","LRSE",4.33333333333333,"Clarinet"
26,68,"low","MRSE",4.33333333333333,"Clarinet"
26,68,"low","HRSE",4.33333333333333,"Clarinet"
26,68,"low","congr.",6,"Clarinet"
26,68,"mid","LRSE",6,"Clarinet"
26,68,"mid","MRSE",4.33333333333333,"Clarinet"
26,68,"mid","HRSE",4.33333333333333,"Clarinet"
26,68,"mid","congr.",4.33333333333333,"Clarinet"
26,68,"high","LRSE",4.33333333333333,"Clarinet"
26,68,"high","MRSE",4.33333333333333,"Clarinet"
26,68,"high","HRSE",4.33333333333333,"Clarinet"
26,68,"high","congr.",4.33333333333333,"Clarinet"
27,76,"low","LRSE",5,"Clarinet"
27,76,"low","MRSE",4,"Clarinet"
27,76,"low","HRSE",1,"Clarinet"
27,76,"low","congr.",5,"Clarinet"
27,76,"mid","LRSE",3,"Clarinet"
27,76,"mid","MRSE",6,"Clarinet"
27,76,"mid","HRSE",4,"Clarinet"
27,76,"mid","congr.",6,"Clarinet"
27,76,"high","LRSE",5,"Clarinet"
27,76,"high","MRSE",4,"Clarinet"
27,76,"high","HRSE",5,"Clarinet"
27,76,"high","congr.",5,"Clarinet"
28,80,"low","LRSE",6,"Clarinet"
28,80,"low","MRSE",5,"Clarinet"
28,80,"low","HRSE",2,"Clarinet"
28,80,"low","congr.",6,"Clarinet"
28,80,"mid","LRSE",6,"Clarinet"
28,80,"mid","MRSE",6,"Clarinet"
28,80,"mid","HRSE",5,"Clarinet"
28,80,"mid","congr.",6,"Clarinet"
28,80,"high","LRSE",6,"Clarinet"
28,80,"high","MRSE",5,"Clarinet"
28,80,"high","HRSE",6,"Clarinet"
28,80,"high","congr.",6,"Clarinet"
29,61,"low","LRSE",5,"Clarinet"
29,61,"low","MRSE",4,"Clarinet"
29,61,"low","HRSE",3,"Clarinet"
29,61,"low","congr.",2,"Clarinet"
29,61,"mid","LRSE",4,"Clarinet"
29,61,"mid","MRSE",4,"Clarinet"
29,61,"mid","HRSE",1,"Clarinet"
29,61,"mid","congr.",5,"Clarinet"
29,61,"high","LRSE",5,"Clarinet"
29,61,"high","MRSE",3,"Clarinet"
29,61,"high","HRSE",2,"Clarinet"
29,61,"high","congr.",2,"Clarinet"
30,73,"low","LRSE",4.75,"Clarinet"
30,73,"low","MRSE",6,"Clarinet"
30,73,"low","HRSE",6,"Clarinet"
30,73,"low","congr.",4.75,"Clarinet"
30,73,"mid","LRSE",4.75,"Clarinet"
30,73,"mid","MRSE",6,"Clarinet"
30,73,"mid","HRSE",6,"Clarinet"
30,73,"mid","congr.",6,"Clarinet"
30,73,"high","LRSE",6,"Clarinet"
30,73,"high","MRSE",6,"Clarinet"
30,73,"high","HRSE",6,"Clarinet"
30,73,"high","congr.",6,"Clarinet"
31,82,"low","LRSE",6,"Clarinet"
31,82,"low","MRSE",4.75,"Clarinet"
31,82,"low","HRSE",4.75,"Clarinet"
31,82,"low","congr.",4.75,"Clarinet"
31,82,"mid","LRSE",4.75,"Clarinet"
31,82,"mid","MRSE",6,"Clarinet"
31,82,"mid","HRSE",3.5,"Clarinet"
31,82,"mid","congr.",6,"Clarinet"
31,82,"high","LRSE",4.75,"Clarinet"
31,82,"high","MRSE",6,"Clarinet"
31,82,"high","HRSE",4.75,"Clarinet"
31,82,"high","congr.",6,"Clarinet"
32,72,"low","LRSE",4,"Clarinet"
32,72,"low","MRSE",3,"Clarinet"
32,72,"low","HRSE",1,"Clarinet"
32,72,"low","congr.",3,"Clarinet"
32,72,"mid","LRSE",4,"Clarinet"
32,72,"mid","MRSE",4,"Clarinet"
32,72,"mid","HRSE",3,"Clarinet"
32,72,"mid","congr.",5,"Clarinet"
32,72,"high","LRSE",5,"Clarinet"
32,72,"high","MRSE",4,"Clarinet"
32,72,"high","HRSE",6,"Clarinet"
32,72,"high","congr.",4,"Clarinet"
33,71,"low","LRSE",4.75,"Clarinet"
33,71,"low","MRSE",6,"Clarinet"
33,71,"low","HRSE",3.5,"Clarinet"
33,71,"low","congr.",6,"Clarinet"
33,71,"mid","LRSE",6,"Clarinet"
33,71,"mid","MRSE",6,"Clarinet"
33,71,"mid","HRSE",6,"Clarinet"
33,71,"mid","congr.",6,"Clarinet"
33,71,"high","LRSE",6,"Clarinet"
33,71,"high","MRSE",6,"Clarinet"
33,71,"high","HRSE",4.75,"Clarinet"
33,71,"high","congr.",6,"Clarinet"
34,76,"low","LRSE",6,"Clarinet"
34,76,"low","MRSE",6,"Clarinet"
34,76,"low","HRSE",2.25,"Clarinet"
34,76,"low","congr.",6,"Clarinet"
34,76,"mid","LRSE",4.75,"Clarinet"
34,76,"mid","MRSE",6,"Clarinet"
34,76,"mid","HRSE",4.75,"Clarinet"
34,76,"mid","congr.",6,"Clarinet"
34,76,"high","LRSE",4.75,"Clarinet"
34,76,"high","MRSE",4.75,"Clarinet"
34,76,"high","HRSE",4.75,"Clarinet"
34,76,"high","congr.",4.75,"Clarinet"
35,86,"low","LRSE",6,"Clarinet"
35,86,"low","MRSE",6,"Clarinet"
35,86,"low","HRSE",4.33333333333333,"Clarinet"
35,86,"low","congr.",2.66666666666667,"Clarinet"
35,86,"mid","LRSE",4.33333333333333,"Clarinet"
35,86,"mid","MRSE",6,"Clarinet"
35,86,"mid","HRSE",4.33333333333333,"Clarinet"
35,86,"mid","congr.",6,"Clarinet"
35,86,"high","LRSE",4.33333333333333,"Clarinet"
35,86,"high","MRSE",6,"Clarinet"
35,86,"high","HRSE",6,"Clarinet"
35,86,"high","congr.",4.33333333333333,"Clarinet"
36,61,"low","LRSE",4.75,"Clarinet"
36,61,"low","MRSE",4.75,"Clarinet"
36,61,"low","HRSE",3.5,"Clarinet"
36,61,"low","congr.",6,"Clarinet"
36,61,"mid","LRSE",4.75,"Clarinet"
36,61,"mid","MRSE",6,"Clarinet"
36,61,"mid","HRSE",4.75,"Clarinet"
36,61,"mid","congr.",4.75,"Clarinet"
36,61,"high","LRSE",4.75,"Clarinet"
36,61,"high","MRSE",4.75,"Clarinet"
36,61,"high","HRSE",4.75,"Clarinet"
36,61,"high","congr.",4.75,"Clarinet"
37,82,"low","LRSE",5,"Clarinet"
37,82,"low","MRSE",4,"Clarinet"
37,82,"low","HRSE",2,"Clarinet"
37,82,"low","congr.",5,"Clarinet"
37,82,"mid","LRSE",4,"Clarinet"
37,82,"mid","MRSE",5,"Clarinet"
37,82,"mid","HRSE",3,"Clarinet"
37,82,"mid","congr.",6,"Clarinet"
37,82,"high","LRSE",5,"Clarinet"
37,82,"high","MRSE",5,"Clarinet"
37,82,"high","HRSE",5,"Clarinet"
37,82,"high","congr.",5,"Clarinet"
38,67,"low","LRSE",6,"Clarinet"
38,67,"low","MRSE",5,"Clarinet"
38,67,"low","HRSE",3,"Clarinet"
38,67,"low","congr.",6,"Clarinet"
38,67,"mid","LRSE",5,"Clarinet"
38,67,"mid","MRSE",5,"Clarinet"
38,67,"mid","HRSE",3,"Clarinet"
38,67,"mid","congr.",5,"Clarinet"
38,67,"high","LRSE",4,"Clarinet"
38,67,"high","MRSE",5,"Clarinet"
38,67,"high","HRSE",4,"Clarinet"
38,67,"high","congr.",4,"Clarinet"
1,76,"low","LRSE",6,"Tuba"
1,76,"low","MRSE",6,"Tuba"
1,76,"low","HRSE",6,"Tuba"
1,76,"low","congr.",6,"Tuba"
1,76,"mid","LRSE",4,"Tuba"
1,76,"mid","MRSE",5,"Tuba"
1,76,"mid","HRSE",4,"Tuba"
1,76,"mid","congr.",5,"Tuba"
1,76,"high","LRSE",4,"Tuba"
1,76,"high","MRSE",2,"Tuba"
1,76,"high","HRSE",3,"Tuba"
1,76,"high","congr.",5,"Tuba"
2,70,"low","LRSE",6,"Tuba"
2,70,"low","MRSE",6,"Tuba"
2,70,"low","HRSE",6,"Tuba"
2,70,"low","congr.",6,"Tuba"
2,70,"mid","LRSE",6,"Tuba"
2,70,"mid","MRSE",5,"Tuba"
2,70,"mid","HRSE",6,"Tuba"
2,70,"mid","congr.",6,"Tuba"
2,70,"high","LRSE",4,"Tuba"
2,70,"high","MRSE",4,"Tuba"
2,70,"high","HRSE",4,"Tuba"
2,70,"high","congr.",4,"Tuba"
3,82,"low","LRSE",5,"Tuba"
3,82,"low","MRSE",5,"Tuba"
3,82,"low","HRSE",4,"Tuba"
3,82,"low","congr.",6,"Tuba"
3,82,"mid","LRSE",4,"Tuba"
3,82,"mid","MRSE",4,"Tuba"
3,82,"mid","HRSE",4,"Tuba"
3,82,"mid","congr.",6,"Tuba"
3,82,"high","LRSE",4,"Tuba"
3,82,"high","MRSE",4,"Tuba"
3,82,"high","HRSE",5,"Tuba"
3,82,"high","congr.",5,"Tuba"
4,79,"low","LRSE",4,"Tuba"
4,79,"low","MRSE",3,"Tuba"
4,79,"low","HRSE",3,"Tuba"
4,79,"low","congr.",3,"Tuba"
4,79,"mid","LRSE",5,"Tuba"
4,79,"mid","MRSE",5,"Tuba"
4,79,"mid","HRSE",4,"Tuba"
4,79,"mid","congr.",5,"Tuba"
4,79,"high","LRSE",5,"Tuba"
4,79,"high","MRSE",4,"Tuba"
4,79,"high","HRSE",4,"Tuba"
4,79,"high","congr.",4,"Tuba"
5,74,"low","LRSE",6,"Tuba"
5,74,"low","MRSE",6,"Tuba"
5,74,"low","HRSE",5,"Tuba"
5,74,"low","congr.",5,"Tuba"
5,74,"mid","LRSE",6,"Tuba"
5,74,"mid","MRSE",6,"Tuba"
5,74,"mid","HRSE",5,"Tuba"
5,74,"mid","congr.",5,"Tuba"
5,74,"high","LRSE",3,"Tuba"
5,74,"high","MRSE",4,"Tuba"
5,74,"high","HRSE",5,"Tuba"
5,74,"high","congr.",4,"Tuba"
6,80,"low","LRSE",6,"Tuba"
6,80,"low","MRSE",6,"Tuba"
6,80,"low","HRSE",6,"Tuba"
6,80,"low","congr.",6,"Tuba"
6,80,"mid","LRSE",4.75,"Tuba"
6,80,"mid","MRSE",4.75,"Tuba"
6,80,"mid","HRSE",3.5,"Tuba"
6,80,"mid","congr.",4.75,"Tuba"
6,80,"high","LRSE",3.5,"Tuba"
6,80,"high","MRSE",3.5,"Tuba"
6,80,"high","HRSE",2.25,"Tuba"
6,80,"high","congr.",3.5,"Tuba"
7,48,"low","LRSE",4,"Tuba"
7,48,"low","MRSE",4,"Tuba"
7,48,"low","HRSE",4,"Tuba"
7,48,"low","congr.",4,"Tuba"
7,48,"mid","LRSE",5,"Tuba"
7,48,"mid","MRSE",4,"Tuba"
7,48,"mid","HRSE",5,"Tuba"
7,48,"mid","congr.",4,"Tuba"
7,48,"high","LRSE",5,"Tuba"
7,48,"high","MRSE",5,"Tuba"
7,48,"high","HRSE",5,"Tuba"
7,48,"high","congr.",5,"Tuba"
8,86,"low","LRSE",5,"Tuba"
8,86,"low","MRSE",5,"Tuba"
8,86,"low","HRSE",5,"Tuba"
8,86,"low","congr.",5,"Tuba"
8,86,"mid","LRSE",4,"Tuba"
8,86,"mid","MRSE",5,"Tuba"
8,86,"mid","HRSE",5,"Tuba"
8,86,"mid","congr.",5,"Tuba"
8,86,"high","LRSE",4,"Tuba"
8,86,"high","MRSE",3,"Tuba"
8,86,"high","HRSE",4,"Tuba"
8,86,"high","congr.",4,"Tuba"
9,68,"low","LRSE",6,"Tuba"
9,68,"low","MRSE",6,"Tuba"
9,68,"low","HRSE",6,"Tuba"
9,68,"low","congr.",6,"Tuba"
9,68,"mid","LRSE",6,"Tuba"
9,68,"mid","MRSE",6,"Tuba"
9,68,"mid","HRSE",6,"Tuba"
9,68,"mid","congr.",6,"Tuba"
9,68,"high","LRSE",3.5,"Tuba"
9,68,"high","MRSE",3.5,"Tuba"
9,68,"high","HRSE",3.5,"Tuba"
9,68,"high","congr.",3.5,"Tuba"
10,67,"low","LRSE",3.5,"Tuba"
10,67,"low","MRSE",3.5,"Tuba"
10,67,"low","HRSE",4.75,"Tuba"
10,67,"low","congr.",4.75,"Tuba"
10,67,"mid","LRSE",4.75,"Tuba"
10,67,"mid","MRSE",4.75,"Tuba"
10,67,"mid","HRSE",4.75,"Tuba"
10,67,"mid","congr.",4.75,"Tuba"
10,67,"high","LRSE",4.75,"Tuba"
10,67,"high","MRSE",3.5,"Tuba"
10,67,"high","HRSE",4.75,"Tuba"
10,67,"high","congr.",4.75,"Tuba"
11,68,"low","LRSE",6,"Tuba"
11,68,"low","MRSE",6,"Tuba"
11,68,"low","HRSE",6,"Tuba"
11,68,"low","congr.",6,"Tuba"
11,68,"mid","LRSE",6,"Tuba"
11,68,"mid","MRSE",6,"Tuba"
11,68,"mid","HRSE",6,"Tuba"
11,68,"mid","congr.",6,"Tuba"
11,68,"high","LRSE",1,"Tuba"
11,68,"high","MRSE",6,"Tuba"
11,68,"high","HRSE",1,"Tuba"
11,68,"high","congr.",6,"Tuba"
12,92,"low","LRSE",1,"Tuba"
12,92,"low","MRSE",1,"Tuba"
12,92,"low","HRSE",1,"Tuba"
12,92,"low","congr.",1,"Tuba"
12,92,"mid","LRSE",3,"Tuba"
12,92,"mid","MRSE",2,"Tuba"
12,92,"mid","HRSE",3,"Tuba"
12,92,"mid","congr.",2,"Tuba"
12,92,"high","LRSE",6,"Tuba"
12,92,"high","MRSE",5,"Tuba"
12,92,"high","HRSE",6,"Tuba"
12,92,"high","congr.",2,"Tuba"
13,52,"low","LRSE",4.75,"Tuba"
13,52,"low","MRSE",3.5,"Tuba"
13,52,"low","HRSE",3.5,"Tuba"
13,52,"low","congr.",3.5,"Tuba"
13,52,"mid","LRSE",2.25,"Tuba"
13,52,"mid","MRSE",4.75,"Tuba"
13,52,"mid","HRSE",3.5,"Tuba"
13,52,"mid","congr.",4.75,"Tuba"
13,52,"high","LRSE",3.5,"Tuba"
13,52,"high","MRSE",2.25,"Tuba"
13,52,"high","HRSE",2.25,"Tuba"
13,52,"high","congr.",2.25,"Tuba"
14,49,"low","LRSE",6,"Tuba"
14,49,"low","MRSE",6,"Tuba"
14,49,"low","HRSE",6,"Tuba"
14,49,"low","congr.",6,"Tuba"
14,49,"mid","LRSE",6,"Tuba"
14,49,"mid","MRSE",6,"Tuba"
14,49,"mid","HRSE",6,"Tuba"
14,49,"mid","congr.",6,"Tuba"
14,49,"high","LRSE",6,"Tuba"
14,49,"high","MRSE",6,"Tuba"
14,49,"high","HRSE",6,"Tuba"
14,49,"high","congr.",3.5,"Tuba"
15,80,"low","LRSE",6,"Tuba"
15,80,"low","MRSE",6,"Tuba"
15,80,"low","HRSE",5,"Tuba"
15,80,"low","congr.",6,"Tuba"
15,80,"mid","LRSE",5,"Tuba"
15,80,"mid","MRSE",6,"Tuba"
15,80,"mid","HRSE",4,"Tuba"
15,80,"mid","congr.",6,"Tuba"
15,80,"high","LRSE",4,"Tuba"
15,80,"high","MRSE",4,"Tuba"
15,80,"high","HRSE",3,"Tuba"
15,80,"high","congr.",4,"Tuba"
16,87,"low","LRSE",6,"Tuba"
16,87,"low","MRSE",6,"Tuba"
16,87,"low","HRSE",6,"Tuba"
16,87,"low","congr.",6,"Tuba"
16,87,"mid","LRSE",4,"Tuba"
16,87,"mid","MRSE",6,"Tuba"
16,87,"mid","HRSE",6,"Tuba"
16,87,"mid","congr.",6,"Tuba"
16,87,"high","LRSE",2,"Tuba"
16,87,"high","MRSE",3,"Tuba"
16,87,"high","HRSE",3,"Tuba"
16,87,"high","congr.",3,"Tuba"
17,73,"low","LRSE",5,"Tuba"
17,73,"low","MRSE",5,"Tuba"
17,73,"low","HRSE",6,"Tuba"
17,73,"low","congr.",5,"Tuba"
17,73,"mid","LRSE",5,"Tuba"
17,73,"mid","MRSE",6,"Tuba"
17,73,"mid","HRSE",5,"Tuba"
17,73,"mid","congr.",5,"Tuba"
17,73,"high","LRSE",5,"Tuba"
17,73,"high","MRSE",6,"Tuba"
17,73,"high","HRSE",6,"Tuba"
17,73,"high","congr.",2,"Tuba"
18,81,"low","LRSE",6,"Tuba"
18,81,"low","MRSE",4.75,"Tuba"
18,81,"low","HRSE",6,"Tuba"
18,81,"low","congr.",3.5,"Tuba"
18,81,"mid","LRSE",3.5,"Tuba"
18,81,"mid","MRSE",3.5,"Tuba"
18,81,"mid","HRSE",2.25,"Tuba"
18,81,"mid","congr.",3.5,"Tuba"
18,81,"high","LRSE",2.25,"Tuba"
18,81,"high","MRSE",2.25,"Tuba"
18,81,"high","HRSE",2.25,"Tuba"
18,81,"high","congr.",2.25,"Tuba"
19,81,"low","LRSE",6,"Tuba"
19,81,"low","MRSE",6,"Tuba"
19,81,"low","HRSE",2,"Tuba"
19,81,"low","congr.",5,"Tuba"
19,81,"mid","LRSE",6,"Tuba"
19,81,"mid","MRSE",6,"Tuba"
19,81,"mid","HRSE",5,"Tuba"
19,81,"mid","congr.",6,"Tuba"
19,81,"high","LRSE",6,"Tuba"
19,81,"high","MRSE",6,"Tuba"
19,81,"high","HRSE",6,"Tuba"
19,81,"high","congr.",5,"Tuba"
20,82,"low","LRSE",6,"Tuba"
20,82,"low","MRSE",6,"Tuba"
20,82,"low","HRSE",6,"Tuba"
20,82,"low","congr.",6,"Tuba"
20,82,"mid","LRSE",6,"Tuba"
20,82,"mid","MRSE",6,"Tuba"
20,82,"mid","HRSE",6,"Tuba"
20,82,"mid","congr.",6,"Tuba"
20,82,"high","LRSE",6,"Tuba"
20,82,"high","MRSE",6,"Tuba"
20,82,"high","HRSE",6,"Tuba"
20,82,"high","congr.",6,"Tuba"
21,91,"low","LRSE",6,"Tuba"
21,91,"low","MRSE",5,"Tuba"
21,91,"low","HRSE",5,"Tuba"
21,91,"low","congr.",5,"Tuba"
21,91,"mid","LRSE",5,"Tuba"
21,91,"mid","MRSE",3,"Tuba"
21,91,"mid","HRSE",3,"Tuba"
21,91,"mid","congr.",4,"Tuba"
21,91,"high","LRSE",3,"Tuba"
21,91,"high","MRSE",3,"Tuba"
21,91,"high","HRSE",4,"Tuba"
21,91,"high","congr.",5,"Tuba"
22,74,"low","LRSE",6,"Tuba"
22,74,"low","MRSE",6,"Tuba"
22,74,"low","HRSE",6,"Tuba"
22,74,"low","congr.",6,"Tuba"
22,74,"mid","LRSE",6,"Tuba"
22,74,"mid","MRSE",6,"Tuba"
22,74,"mid","HRSE",3.5,"Tuba"
22,74,"mid","congr.",4.75,"Tuba"
22,74,"high","LRSE",3.5,"Tuba"
22,74,"high","MRSE",1,"Tuba"
22,74,"high","HRSE",3.5,"Tuba"
22,74,"high","congr.",6,"Tuba"
23,74,"low","LRSE",6,"Tuba"
23,74,"low","MRSE",6,"Tuba"
23,74,"low","HRSE",6,"Tuba"
23,74,"low","congr.",6,"Tuba"
23,74,"mid","LRSE",4.75,"Tuba"
23,74,"mid","MRSE",6,"Tuba"
23,74,"mid","HRSE",4.75,"Tuba"
23,74,"mid","congr.",6,"Tuba"
23,74,"high","LRSE",4.75,"Tuba"
23,74,"high","MRSE",4.75,"Tuba"
23,74,"high","HRSE",4.75,"Tuba"
23,74,"high","congr.",4.75,"Tuba"
24,80,"low","LRSE",6,"Tuba"
24,80,"low","MRSE",6,"Tuba"
24,80,"low","HRSE",6,"Tuba"
24,80,"low","congr.",6,"Tuba"
24,80,"mid","LRSE",6,"Tuba"
24,80,"mid","MRSE",6,"Tuba"
24,80,"mid","HRSE",6,"Tuba"
24,80,"mid","congr.",5,"Tuba"
24,80,"high","LRSE",4,"Tuba"
24,80,"high","MRSE",6,"Tuba"
24,80,"high","HRSE",4,"Tuba"
24,80,"high","congr.",5,"Tuba"
25,56,"low","LRSE",4.33333333333333,"Tuba"
25,56,"low","MRSE",2.66666666666667,"Tuba"
25,56,"low","HRSE",4.33333333333333,"Tuba"
25,56,"low","congr.",2.66666666666667,"Tuba"
25,56,"mid","LRSE",4.33333333333333,"Tuba"
25,56,"mid","MRSE",4.33333333333333,"Tuba"
25,56,"mid","HRSE",6,"Tuba"
25,56,"mid","congr.",4.33333333333333,"Tuba"
25,56,"high","LRSE",4.33333333333333,"Tuba"
25,56,"high","MRSE",4.33333333333333,"Tuba"
25,56,"high","HRSE",2.66666666666667,"Tuba"
25,56,"high","congr.",4.33333333333333,"Tuba"
26,68,"low","LRSE",2.66666666666667,"Tuba"
26,68,"low","MRSE",2.66666666666667,"Tuba"
26,68,"low","HRSE",4.33333333333333,"Tuba"
26,68,"low","congr.",2.66666666666667,"Tuba"
26,68,"mid","LRSE",4.33333333333333,"Tuba"
26,68,"mid","MRSE",4.33333333333333,"Tuba"
26,68,"mid","HRSE",4.33333333333333,"Tuba"
26,68,"mid","congr.",4.33333333333333,"Tuba"
26,68,"high","LRSE",6,"Tuba"
26,68,"high","MRSE",6,"Tuba"
26,68,"high","HRSE",6,"Tuba"
26,68,"high","congr.",6,"Tuba"
27,76,"low","LRSE",5,"Tuba"
27,76,"low","MRSE",6,"Tuba"
27,76,"low","HRSE",5,"Tuba"
27,76,"low","congr.",5,"Tuba"
27,76,"mid","LRSE",4,"Tuba"
27,76,"mid","MRSE",4,"Tuba"
27,76,"mid","HRSE",3,"Tuba"
27,76,"mid","congr.",5,"Tuba"
27,76,"high","LRSE",2,"Tuba"
27,76,"high","MRSE",3,"Tuba"
27,76,"high","HRSE",3,"Tuba"
27,76,"high","congr.",3,"Tuba"
28,80,"low","LRSE",5,"Tuba"
28,80,"low","MRSE",6,"Tuba"
28,80,"low","HRSE",6,"Tuba"
28,80,"low","congr.",6,"Tuba"
28,80,"mid","LRSE",5,"Tuba"
28,80,"mid","MRSE",4,"Tuba"
28,80,"mid","HRSE",5,"Tuba"
28,80,"mid","congr.",6,"Tuba"
28,80,"high","LRSE",3,"Tuba"
28,80,"high","MRSE",6,"Tuba"
28,80,"high","HRSE",4,"Tuba"
28,80,"high","congr.",4,"Tuba"
29,61,"low","LRSE",6,"Tuba"
29,61,"low","MRSE",6,"Tuba"
29,61,"low","HRSE",6,"Tuba"
29,61,"low","congr.",6,"Tuba"
29,61,"mid","LRSE",6,"Tuba"
29,61,"mid","MRSE",6,"Tuba"
29,61,"mid","HRSE",6,"Tuba"
29,61,"mid","congr.",4,"Tuba"
29,61,"high","LRSE",4,"Tuba"
29,61,"high","MRSE",5,"Tuba"
29,61,"high","HRSE",5,"Tuba"
29,61,"high","congr.",5,"Tuba"
30,73,"low","LRSE",6,"Tuba"
30,73,"low","MRSE",4.75,"Tuba"
30,73,"low","HRSE",6,"Tuba"
30,73,"low","congr.",6,"Tuba"
30,73,"mid","LRSE",6,"Tuba"
30,73,"mid","MRSE",6,"Tuba"
30,73,"mid","HRSE",6,"Tuba"
30,73,"mid","congr.",6,"Tuba"
30,73,"high","LRSE",6,"Tuba"
30,73,"high","MRSE",6,"Tuba"
30,73,"high","HRSE",6,"Tuba"
30,73,"high","congr.",6,"Tuba"
31,82,"low","LRSE",6,"Tuba"
31,82,"low","MRSE",6,"Tuba"
31,82,"low","HRSE",3.5,"Tuba"
31,82,"low","congr.",6,"Tuba"
31,82,"mid","LRSE",4.75,"Tuba"
31,82,"mid","MRSE",6,"Tuba"
31,82,"mid","HRSE",4.75,"Tuba"
31,82,"mid","congr.",4.75,"Tuba"
31,82,"high","LRSE",3.5,"Tuba"
31,82,"high","MRSE",4.75,"Tuba"
31,82,"high","HRSE",3.5,"Tuba"
31,82,"high","congr.",3.5,"Tuba"
32,72,"low","LRSE",6,"Tuba"
32,72,"low","MRSE",5,"Tuba"
32,72,"low","HRSE",4,"Tuba"
32,72,"low","congr.",6,"Tuba"
32,72,"mid","LRSE",5,"Tuba"
32,72,"mid","MRSE",5,"Tuba"
32,72,"mid","HRSE",4,"Tuba"
32,72,"mid","congr.",4,"Tuba"
32,72,"high","LRSE",4,"Tuba"
32,72,"high","MRSE",4,"Tuba"
32,72,"high","HRSE",3,"Tuba"
32,72,"high","congr.",3,"Tuba"
33,71,"low","LRSE",6,"Tuba"
33,71,"low","MRSE",6,"Tuba"
33,71,"low","HRSE",6,"Tuba"
33,71,"low","congr.",6,"Tuba"
33,71,"mid","LRSE",4.75,"Tuba"
33,71,"mid","MRSE",6,"Tuba"
33,71,"mid","HRSE",6,"Tuba"
33,71,"mid","congr.",6,"Tuba"
33,71,"high","LRSE",3.5,"Tuba"
33,71,"high","MRSE",4.75,"Tuba"
33,71,"high","HRSE",4.75,"Tuba"
33,71,"high","congr.",4.75,"Tuba"
34,76,"low","LRSE",6,"Tuba"
34,76,"low","MRSE",6,"Tuba"
34,76,"low","HRSE",6,"Tuba"
34,76,"low","congr.",6,"Tuba"
34,76,"mid","LRSE",6,"Tuba"
34,76,"mid","MRSE",4.75,"Tuba"
34,76,"mid","HRSE",6,"Tuba"
34,76,"mid","congr.",6,"Tuba"
34,76,"high","LRSE",4.75,"Tuba"
34,76,"high","MRSE",6,"Tuba"
34,76,"high","HRSE",6,"Tuba"
34,76,"high","congr.",6,"Tuba"
35,86,"low","LRSE",6,"Tuba"
35,86,"low","MRSE",6,"Tuba"
35,86,"low","HRSE",6,"Tuba"
35,86,"low","congr.",6,"Tuba"
35,86,"mid","LRSE",6,"Tuba"
35,86,"mid","MRSE",4.33333333333333,"Tuba"
35,86,"mid","HRSE",6,"Tuba"
35,86,"mid","congr.",4.33333333333333,"Tuba"
35,86,"high","LRSE",6,"Tuba"
35,86,"high","MRSE",6,"Tuba"
35,86,"high","HRSE",6,"Tuba"
35,86,"high","congr.",6,"Tuba"
36,61,"low","LRSE",4.75,"Tuba"
36,61,"low","MRSE",3.5,"Tuba"
36,61,"low","HRSE",3.5,"Tuba"
36,61,"low","congr.",4.75,"Tuba"
36,61,"mid","LRSE",4.75,"Tuba"
36,61,"mid","MRSE",6,"Tuba"
36,61,"mid","HRSE",4.75,"Tuba"
36,61,"mid","congr.",4.75,"Tuba"
36,61,"high","LRSE",4.75,"Tuba"
36,61,"high","MRSE",6,"Tuba"
36,61,"high","HRSE",6,"Tuba"
36,61,"high","congr.",6,"Tuba"
37,82,"low","LRSE",4,"Tuba"
37,82,"low","MRSE",2,"Tuba"
37,82,"low","HRSE",2,"Tuba"
37,82,"low","congr.",3,"Tuba"
37,82,"mid","LRSE",6,"Tuba"
37,82,"mid","MRSE",4,"Tuba"
37,82,"mid","HRSE",3,"Tuba"
37,82,"mid","congr.",6,"Tuba"
37,82,"high","LRSE",4,"Tuba"
37,82,"high","MRSE",5,"Tuba"
37,82,"high","HRSE",5,"Tuba"
37,82,"high","congr.",5,"Tuba"
38,67,"low","LRSE",6,"Tuba"
38,67,"low","MRSE",6,"Tuba"
38,67,"low","HRSE",6,"Tuba"
38,67,"low","congr.",5,"Tuba"
38,67,"mid","LRSE",6,"Tuba"
38,67,"mid","MRSE",5,"Tuba"
38,67,"mid","HRSE",6,"Tuba"
38,67,"mid","congr.",6,"Tuba"
38,67,"high","LRSE",5,"Tuba"
38,67,"high","MRSE",5,"Tuba"
38,67,"high","HRSE",4,"Tuba"
38,67,"high","congr.",4,"Tuba"
